<?xml version="1.0" encoding="UTF-8"?>
<metadata>
  <identifier>flash_theworldshardestgame2</identifier>
  <mediatype>software</mediatype>
  <collection>softwarelibrary_flash_games</collection>
  <creator>Snubby Land</creator>
  <description>The Worlds Hardest Game is no longer the worlds hardest game. We guarantee you that this sequel is much harder.</description>
  <emulator>ruffle-swf</emulator>
  <language>eng</language>
  <scanner>Internet Archive HTML5 Uploader 1.6.4</scanner>
  <subject>Flash</subject>
  <title>The World's Hardest Game 2</title>
  <uploader>ngiczews@gmail.com</uploader>
  <publicdate>2020-11-03 03:31:49</publicdate>
  <addeddate>2020-11-03 03:31:49</addeddate>
  <curation>[curator]validator@archive.org[/curator][date]20201103033242[/date][comment]checked for malware[/comment]</curation>
  <emulator_ext>swf</emulator_ext>
  <collection>softwarelibrary_flash</collection>
  <collection>softwarelibrary</collection>
</metadata>
