<?xml version="1.0" encoding="UTF-8"?>
<files>
  <file name="__ia_thumb.jpg" source="original">
    <mtime>1633190230</mtime>
    <size>13539</size>
    <md5>c7dbabfbd8af922a8233077d2ac54216</md5>
    <crc32>329638da</crc32>
    <sha1>867b910a1a38217cb9b55211062d76609c4dbdf6</sha1>
    <format>Item Tile</format>
    <rotation>0</rotation>
  </file>
  <file name="flash_theworldshardestgame2_archive.torrent" source="metadata">
    <btih>f718121b39bd41fec589f3d3e1359256798a58e9</btih>
    <mtime>1635260397</mtime>
    <size>2211</size>
    <md5>f8bbd52f8df7d635820e2306ad729fd0</md5>
    <crc32>788636aa</crc32>
    <sha1>dac5e7b6fbc08757768a79b7ae0ab00bae58cfd4</sha1>
    <format>Archive BitTorrent</format>
  </file>
  <file name="flash_theworldshardestgame2_files.xml" source="original">
    <format>Metadata</format>
    <md5>36e52e462152bde7216414bff92f183d</md5>
    <summation>md5</summation>
  </file>
  <file name="flash_theworldshardestgame2_meta.sqlite" source="original">
    <mtime>1604374336</mtime>
    <size>14336</size>
    <md5>b08e4b821cee96151b20792e3cb75eb4</md5>
    <crc32>3f42c49a</crc32>
    <sha1>c2a44569390855091741f9cd053b601cf493d3de</sha1>
    <format>Metadata</format>
  </file>
  <file name="flash_theworldshardestgame2_meta.xml" source="original">
    <mtime>1605393867</mtime>
    <size>961</size>
    <md5>2e766af9927251230b3389273a408912</md5>
    <crc32>0ba55f98</crc32>
    <sha1>59b5f007d40e7fe750fb3e48ad6caa4e5317c5c6</sha1>
    <format>Metadata</format>
  </file>
  <file name="flash_theworldshardestgame2_screenshot.png" source="original">
    <mtime>1604374296</mtime>
    <size>115814</size>
    <md5>0e3a1d15f2aa0a0d50954987a3e51830</md5>
    <crc32>64080f7f</crc32>
    <sha1>de62f49f67cff2a118227364ec98b1c69b5ce4ff</sha1>
    <format>Emulator Screenshot</format>
  </file>
  <file name="theworldshardestgame2.swf" source="original">
    <mtime>1604374221</mtime>
    <size>2377358</size>
    <md5>37def957ec3faf6859e8e312cbbf9664</md5>
    <crc32>4b560a55</crc32>
    <sha1>731a74ca3a7d9ff48106ac8dd1b47acedc9eb34e</sha1>
    <format>Shockwave Flash</format>
    <length>129.07</length>
    <height>0</height>
    <width>0</width>
  </file>
</files>
